Workbook

Sheet 正文注文
A1: 卷数 | B1: 文类名 | C1: 部类名 | D1: 作品名 | E1: 正文 | F1: 注文 | G1: 注文类型
A2: 卷一 | B2: 赋甲 | C2: 京都上 | D2: 两都赋 | E2: 或曰：赋者，古诗之流也。 | F2: 《毛诗序》曰：诗有六义焉，二曰赋。故赋为古诗之流也。诸引文证，皆举先以明后，以示作者必有所祖述也。他皆类此。
A3: 卷一 | B3: 赋甲 | C3: 京都上 | D3: 两都赋 | E3: 昔成康没而颂声寝，王泽竭而诗不作。 | F3: 言周道既微，雅颂并废也。《史记》曰：周武王太子诵立，是为成王。成王太子钊立，是为康王。《毛诗序》曰：颂者，以其成功告于神明者也。《乐稽耀嘉》曰：仁义所生为王。《毛诗序》曰：止乎礼义，先王之泽也。然则作诗禀乎先王之泽，故王泽竭而诗不作。作，兴也。《孟子》曰：王者之迹息而诗亡。
A4: 卷一 | B4: 赋甲 | C4: 京都上 | D4: 两都赋 | E4: 大汉初定，日不暇给。 | F4: 《汉书》曰：高祖，姓刘氏，立为汉王，灭项羽，即皇帝位。荀悦曰：讳邦，字季。《史记》曰：虽受命，而日有不暇给也。
A5: 卷一 | B5: 赋甲 | C5: 京都上 | D5: 两都赋 | E5: 至于武宣之世，乃崇礼官，考文章， | F5: 《汉书》曰：孝武皇帝，景帝中子。荀悦曰：讳彻。《汉书》曰：孝宣帝，武帝曾孙，戾太子孙。荀悦曰：讳询，字次卿。
A6: 卷一 | B6: 赋甲 | C6: 京都上 | D6: 两都赋 | E6: 内设金马、石渠之署，外兴乐府协律之事， | F6: 《史记》曰：金马门者，宦者署门，傍有铜马，故谓之曰金马门。《三辅故事》曰：石渠阁在大秘殿北，以阁秘书。《汉书》曰：武帝定郊祀之礼，乃立乐府，以李延年为协律都尉。
A7: 卷一 | B7: 赋甲 | C7: 京都上 | D7: 两都赋 | E7: 以兴废继绝，润色鸿业。 | F7: 言能发起遗文，以光赞大业也。《论语》，子曰：兴灭国，继绝世。然文虽出彼而意微殊，不可以文害意。他皆类此。《论语》，子曰：东里子产润色之。《剧秦美新》曰：制成《六经》，洪业也。
A8: 卷一 | B8: 赋甲 | C8: 京都上 | D8: 两都赋 | E8: 是以众庶悦豫，福应尤盛，《白麟》《赤鴈》《芝房》《宝鼎》之歌，荐于郊庙。 | F8: 《汉书·武纪》曰：行幸雍，获白麟，作《白麟》之歌。又曰：行幸东海，获赤鴈，作《朱鴈》之歌。又曰：甘泉宫内产芝，九茎连叶，作《芝房歌》。又曰：得宝鼎后土祠傍，作《宝鼎》之歌。
A9: 卷一 | B9: 赋甲 | C9: 京都上 | D9: 两都赋 | E9: 神雀五凤甘露黄龙之瑞，以为年纪。 | F9: 《汉书·宣纪》曰：神雀元年。应劭曰：前年神雀集长乐宫，故改年也。又曰：五凤元年。应劭曰：先者，凤皇五至，因以改元。又甘灵元年，诏曰：乃者，凤皇至，甘露降，故以名元年。又曰：黄龙元年。应劭曰：先是黄龙见新丰，因以改元焉。
A10: 卷一 | B10: 赋甲 | C10: 京都上 | D10: 两都赋 | E10: 故言语侍从之臣，若司马相如虞丘寿王东方朔枚臯王襃刘向之属，朝夕论思，日月献纳； | F10: 《汉书》曰：司马相如，字长卿，为武骑常侍。又曰：虞丘寿王，字子贡，以善格五召待诏，迁为侍中中书，又曰：东方朔，字曼倩，上书自称举，上伟之，令待诏公车，后拜为太中大夫给事中。又曰：枚臯，字少孺，上书北阙，自称枚乘之子，上得大喜，召入见待诏，拜为郎。又曰，王襃，字子渊，上令襃待诏，襃等数从猎，擢为谏大夫。又曰：刘向，字子政，为辇郎，迁中垒校尉。
A11: 卷一 | B11: 赋甲 | C11: 京都上 | D11: 两都赋 | E11: 而公卿大臣，御史大夫倪宽、太常孔臧、太中大夫董仲舒、宗正刘德、太子太傅萧望之等，时时间作。 | F11: 《汉书》曰：倪宽，修《尚书》，以郡选诣博士孔安国，射策为掌固，迁侍御史。《孔臧集》曰：臧，仲尼之后，少以才博知名，稍迁御史大夫，辞曰：臣代以经学为家，乞为太常，专修家业。武帝遂用之。《汉书》曰：董仲舒以修《春秋》为博士，后为中大夫。又曰：刘德，字路叔，少修黄、老术，武帝谓之千里驹，为宗正。又曰：萧望之，字长倩，以射策甲科为郎，迁太子太傅。
A12: 卷一 | B12: 赋甲 | C12: 京都上 | D12: 两都赋 | E12: 或以抒下情而通讽谕， | F12: 《广雅》曰：抒，㳿也。抒，食与切。讽，方凤切。《毛诗序》曰：吟咏情性，以讽其上。《楚词》曰：抒中情而属诗。
A13: 卷一 | B13: 赋甲 | C13: 京都上 | D13: 两都赋 | E13: 或以宣上德而尽忠孝， | F13: 《国语》，泠州鸠曰：夫律，所以宣布哲人之令德。
... A20: 卷一 | B20: 赋甲 | C20: 京都上 | D20: 两都赋 | E20: 西土耆老，咸怀怨思，冀上之睠顾，而盛称长安旧制，有陋雒邑之议。 | F20: 长安在西，故曰西土。《尚书》曰：西土有众。
A21: 卷一 | B21: 赋甲 | C21: 京都上 | D21: 两都赋 | E21: 故臣作两都赋，以极众人之所眩曜，折以今之法度。其词曰。
A22: 卷一 | B22: 赋甲 | C22: 京都上 | D22: 两都赋 | E22: 有西都宾问于东都主人曰：「盖闻皇汉之初经营也，尝有意乎都河洛矣。辍而弗康，寔用西迁，作我上都。主人闻其故而睹其制乎？」 | F22: 《孝经钩命决》曰：道机合者称皇。《尚书》曰：厥既得吉卜，乃经营。东都有河南洛阳，故曰河洛也。郑玄《论语注》曰：辍，止也，张卫切。孔安国《尚书传》曰：康，安也。《谷梁传》曰：葬我君桓公。我君，接上下也。
A23: 卷一 | B23: 赋甲 | C23: 京都上 | D23: 两都赋 | E23: 主人曰：「未也。愿宾摅怀旧之蓄念，发思古之幽情。博我以皇道，弘我以汉京。」 | F23: 《广雅》曰：摅，舒也。孔安国《尚书传》曰：蓄，积也。《论语》，颜渊曰：夫子博我以文。
A24: 卷一 | B24: 赋甲 | C24: 京都上 | D24: 两都赋 | E24: 宾曰：「唯唯。 | F24: 《礼记》曰：父召，无诺，唯而起。
A25: 卷一 | B25: 赋甲 | C25: 京都上 | D25: 两都赋 | E25: 「汉之西都，在于雍州，寔曰长安。 | F25: 《汉书》曰：秦地于《禹贡》时跨雍、梁二州，汉兴，立都长安。
A26: 卷一 | B26: 赋甲 | C26: 京都上 | D26: 两都赋 | E26: 左据函谷二崤之阻，表以太华终南之山。 | F26: 《战国策》，苏秦曰：秦，东有殽、函之固。《盐铁论》曰：秦左殽、函。《汉书音义》，韦昭曰：函谷关。《左氏传》曰：崤有二陵，其南陵夏后臯之墓，其北陵文王所避风雨也。表，标也。《山海经》曰：华首之山西六十里曰太华之山。《毛诗》曰：终南何有？有条有枚。毛苌曰：终南，周之名山中南也。
A27: 卷一 | B27: 赋甲 | C27: 京都上 | D27: 两都赋 | E27: 右界襃斜陇首之险，带以洪河泾渭之川。众流之隈，汧涌其西。 | F27: 《长杨赋》曰：命右扶风发人，西自襃斜。《梁州记》曰：万石城溯汉上七里有襃谷，南口曰襃，北口曰斜，长四百七十里。《盐铁论》曰：秦右陇阨。《汉书》，幸雍《白麟歌》曰：朝陇首，览西垠。《尚书》曰：导河自积石，南至于华阴。《山海经》曰：泾水出长城北。《尚书》曰：导渭自鸟鼠同穴。
A28: 卷一 | B28: 赋甲 | C28: 京都上 | D28: 两都赋 | E28: 华实之毛，则九州之上腴焉；防御之阻，则天地之隩区焉。 | F28: 《春秋文耀钩》曰：春致其时，华实乃荣。《左氏传》，君子曰：涧溪沼沚之毛。《汉书》曰：秦地，九州膏腴。杨雄《卫尉箴》曰：设置山险，尽为防御。《说文》曰：隩，四方之土可定居者也，于报切。
A29: 卷一 | B29: 赋甲 | C29: 京都上 | D29: 两都赋 | E29: 是故横被六合，三成帝畿。周以龙兴，秦以虎视。 | F29: 《汉书音义》，文颖曰：关西为横。孔安国《尚书传》曰：被，及也。《吕氏春秋》曰：神通乎六合。高诱曰：四方上下为六合。三成帝畿，谓周、秦、汉也。《乐稽嘉耀》曰：德象天地为帝。《周礼》曰：方千里曰王畿。《史记》曰：周后稷，名弃，尧、舜时为农师，号后稷，姓姬氏。至孙公刘，周之道兴，至文王徙都丰，武王灭纣。孔安国《尚书序》曰：汉室龙兴。《史记》曰：秦之先，帝颛顼之苗裔，至孝公作咸阳，政幷六国，称皇帝。《周易》曰：虎视眈眈，其欲逐逐。
A30: 卷一 | B30: 赋甲 | C30: 京都上 | D30: 两都赋 | E30: 及至大汉受命而都之也，仰悟东井之精，俯协《河图》之灵。 | F30: 《汉书》曰：汉元年十月，五星聚于东井，沛公至灞上。又曰：以历推之，从岁星也。此高祖受命之符。《尚书雒书》曰：《河图》，命纪也。然《五经》纬，皆《河图》也。《春秋汉含孳》曰：刘季握卯金刀，在轸北，字季，天下服。卯在东方，阳所立，仁且明。金在西方，阴所立，义成功。刀居右，字成章。刀击秦，枉矢东流，水神哭祖龙。然则成功在西，故都长安。
A31: 卷一 | B31: 赋甲 | C31: 京都上 | D31: 两都赋 | E31: 奉春建策，留侯演成。 | F31: 《汉书》曰：高祖西都洛阳，戍卒娄敬求见，说上曰：陛下都洛不便，不如入关，据秦之固。上问张良，良因劝上。是日车驾西都长安，拜娄敬为奉春君，赐姓刘氏。又曰：封张良为留侯也。《苍颉篇》曰：演，引也。
A32: 卷一 | B32: 赋甲 | C32: 京都上 | D32: 两都赋 | E32: 天人合应，以发皇明。乃眷西顾，寔惟作京。 | F32: 天，谓五星也。人，谓娄敬也。皇，谓高祖也。《四子讲德论》曰：天人并应。《毛诗》曰：乃眷西顾，此惟与宅。
A33: 卷一 | B33: 赋甲 | C33: 京都上 | D33: 两都赋 | E33: 于是睎秦岭，睋北阜。挟沣灞，据龙首。 | F33: 《说文》曰：睎，望也，呼衣切。秦岭，南山也。《汉书》曰：秦地有南山。睋，视也，五哥切。北阜，山也。《汉书》，文帝曰：以北山石为椁。张揖《上林赋注》曰：丰水出鄠南山丰谷。《汉书》曰：灞水出蓝田谷。《山海经》曰：华山之西，龙首之山也。
... A112: 卷一 | B112: 赋甲 | C112: 京都上 | D112: 两都赋 | E112: 于斯之时，都都相望，邑邑相属。国藉十世之基，家承百年之业。士食旧德之名氏，农服先畴之畎亩。商循族世之所鬻，工用高曾之规矩。粲乎隐隐，各得其所。 | F112: 《周易》曰：食旧德，贞厉终吉。《汉书音义》，如淳曰：今陇西俗，麻田岁岁粪种，为宿畴也。《尚书》曰：濬畎浍。孔安国曰：广尺深尺曰畎，古犬切。《淮南子》曰：古者至德之时，贾便其肆，农安其业，大夫安其职，而处士循其道。《谷梁传》曰：古者有士人，有商人，有农人，有工人。
A113: 卷一 | B113: 赋甲 | C113: 京都上 | D113: 两都赋 | E113: 「若臣者，徒观迹于旧墟，闻之乎故老。十分而未得其一端，故不能徧举也。」
A114: 卷一 | B114: 赋甲 | C114: 京都上 | D114: 两都赋 | E114: 东都主人喟然而叹曰：「痛乎风俗之移人也！子实秦人，矜夸馆室，保界河山，信识昭襄而知始皇矣，乌睹大汉之云为乎？ | F114: 《论语》曰：夫子喟然叹曰：吾与点也。《汉书》曰：人有刚柔缓急，音声不同，系水土之风气，故谓之风。好恶取舍，动静嗜欲，故谓之俗。郑玄《礼记注》曰：矜，谓自尊大也。《汉书》，田肯曰：秦带河阻山。《史记》曰：秦武王卒，无子，立异母弟，是为昭襄王。又曰：庄襄王卒，子政立，是为始皇帝也。
A115: 卷一 | B115: 赋甲 | C115: 京都上 | D115: 两都赋 | E115: 夫大汉之开元也，奋布衣以登皇位，由数朞而创万代，盖六籍所不能谈，前圣靡得言焉。 | F115: 《汉书》，高祖曰：吾以布衣提三尺剑取天下。高祖五年诛项羽，故曰数朞也。孔安国《尚书传》曰：帀四时曰朞。六籍，《六经》也。《封禅书》曰：《六经》载籍之传。《左氏传》曰：籍谈司晋之典籍。
A116: 卷一 | B116: 赋甲 | C116: 京都上 | D116: 两都赋 | E116: 当此之时，功有横而当天，讨有逆而顺民。故娄敬度势而献其说，萧公权宜而拓其制。时岂泰而安之哉？计不得以已也。 | F116: 娄敬，已见上文。凡人姓名，皆不重见。余皆类此。《汉书》曰：萧何修未央宫，上见其壮丽，甚怒。何曰：天下方未定，故可因遂就宫室。且夫天子以四海为家，非壮丽无以重威，且毋令后代有以加也。上说之。
A117: 卷一 | B117: 赋甲 | C117: 京都上 | D117: 两都赋 | E117: 吾子曾不是睹，顾曜后嗣之末造，不亦暗乎。 | F117: 言吾子不睹度势权宜之由，反以后嗣末造而自眩曜，不亦暗乎，言暗之甚也。《仪礼》曰：愿吾子教之。郑玄曰：吾子，相亲辞也。吾，我也。子，男子美称。
A118: 卷一 | B118: 赋甲 | C118: 京都上 | D118: 两都赋 | E118: 今将语子以建武之治，永平之事。监于太清，以变子之惑志。 | F118: 《东观汉记》曰：建武，光武年号也。永平，孝明年号也。《淮南子》曰：太清之化也，和顺以寂漠，质直以素朴。高诱曰：太清，无为之化。
A119: 卷一 | B119: 赋甲 | C119: 京都上 | D119: 两都赋 | E119: 「往者王莽作逆，汉祚中缺。天人致诛，六合相灭。 | F119: 《汉书》曰：王莽，字巨君，王皇后之弟子也。初居摄，后即天子位。贾逵《国语注》曰：祚，位也。《尚书》曰：我则致天之罚。六合，已见上文。
A120: 卷一 | B120: 赋甲 | C120: 京都上 | D120: 两都赋 | E120: 于时之乱，生人几亡，鬼神泯绝。壑无完柩，郛罔遗室。原野厌人之肉，川谷流人之血。秦项之灾犹不克半，书契以来未之或纪。 | F120: 《尚书》曰：生人保厥居。杜预《左氏传注》曰：几，近也，渠机切。《周礼》，大宗伯掌天神人鬼之祀。《礼记》曰：在床曰尸，在棺曰柩。杜预《左氏传注》曰：郛，郭也，芳俱切。杨子《法言》，秦将白起长平之战，四十万人死，原野厌人之肉，川谷流人之血。《史记》曰：周孝王分非子土为附庸，邑秦，至始皇初幷天下。又曰：项籍，下相人，自立为西楚伯王。《周易》曰：上古结绳，后代圣人易之以书契。
A121: 卷一 | B121: 赋甲 | C121: 京都上 | D121: 两都赋 | E121: 故下人号而上诉，上帝怀而降监。乃致命乎圣皇。 | F121: 《尚书》曰：并告无辜于上下神祇。孔安国曰：言百姓兆人，诉天地也。《毛诗》曰：皇矣上帝。又曰：天命降监，下人有严。命于下国，封建厥福。
A122: 卷一 | B122: 赋甲 | C122: 京都上 | D122: 两都赋 | E122: 于是圣皇乃握干符，阐坤珍。披皇图，稽帝文。赫然发愤，应若兴云。霆击昆阳，凭怒雷震。 | F122: 谓光武也。《东观汉记》曰：光武皇帝，讳秀。王莽末，荆州下江平林兵起，王匡、王凤为之渠率，上遂率舂陵子弟随之。王莽惧，遣大司徒王寻、大司空王邑将兵来征。上入昆阳，城中兵下，昆阳谷少，留王凤令守城。夜出城南门，二公兵到，遂还昆阳城。时上遂选精兵三千人奔陈，二公大奔北，杀王寻。昆阳城中兵亦出，中外并击，二公大众遂溃乱奔走，赴水溺死以万数，滍水为之不流。《尔雅》曰：疾雷为霆。《左氏传》，吴子之弟蹶由谓楚子曰：今君奋焉，震雷凭怒。
A123: 卷一 | B123: 赋甲 | C123: 京都上 | D123: 两都赋 | E123: 遂超大河，跨北岳。立号高邑，建都河洛。 | F123: 《东观汉记》曰：圣公为天子，以上为大司马，遣之河北，安集百姓。《尚书》曰：至于北岳。《东观汉记》曰：诸将请上尊号皇帝，于是乃命有司设坛场于鄗之阳千秋亭五成陌。皇帝即位，改鄗为高邑。又曰：建武元年十月，车驾入洛阳，遂定都焉。《春秋汉含孳》曰：天子受符，以辛日立号也。
A124: 卷一 | B124: 赋甲 | C124: 京都上 | D124: 两都赋 | E124: 绍百王之荒屯，因造化之荡涤。 | F124: 《礼记》曰：百王之所同，古今之所一也。《淮南子》，大丈夫恬然无为，与造化逍遥。高诱曰：造化，天地也。乐纬曰：殷汤改制易正，荡涤故俗。
A125: 卷一 | B125: 赋甲 | C125: 京都上 | D125: 两都赋 | E125: 体元立制，继天而作。 | F125: 《左氏传》，元年春正月，公即位。《春秋元命苞》曰：元年者何，元宜为一。谓之元何，曰君之始年也。杜预《左氏传注》曰：凡人君即位，欲其体元以居正。《谷梁传》曰：为天下主者，天也；继天者，君也。《周易》曰：神农氏作。
... A182: 卷一 | B182: 赋甲 | C182: 京都上 | D182: 两都赋 | E182: 宾既卒业，乃称曰：「美哉乎斯诗！义正乎杨雄，事实乎相如。匪唯主人之好学，盖乃遭遇乎斯时也。小子狂简，不知所裁。既闻正道，请终身而诵之。」 | F182: 杨雄、相如，辞赋之高者，故假以言焉。非唯主人好学而富乎辞藻，抑亦遭遇太平之时，礼文可述也。《论语》，子曰：吾党之小子狂简，斐然成章，不知所以裁之。又曰：不忮不求，何用不臧，子路终身诵之。
A183: 卷一 | B183: 赋甲 | C183: 京都上 | D183: 两都赋 | E183: 其诗曰：
A184: 卷一 | B184: 赋甲 | C184: 京都上 | D184: 两都赋 | E184: 于昭明堂，明堂孔阳。 | F184: 《毛诗》曰：于昭于天。又曰：我朱孔阳。
A185: 卷一 | B185: 赋甲 | C185: 京都上 | D185: 两都赋 | E185: 圣皇宗祀，穆穆煌煌。 | F185: 《孝经》曰：宗祀文王于明堂，以配上帝。《毛诗》曰：穆穆皇皇，宜君宜王。
A186: 卷一 | B186: 赋甲 | C186: 京都上 | D186: 两都赋 | E186: 上帝宴飨，五位时序。 | F186: 《汉书》曰：天神之贵者太一，其佐曰五帝。《河图》曰：苍帝神名灵威仰，赤帝神名赤熛怒，黄帝神名含枢纽，白帝神名白招拒，黑帝神名汁光纪。杨雄《河东赋》曰：灵祇既飨，五位时序。
A187: 卷一 | B187: 赋甲 | C187: 京都上 | D187: 两都赋 | E187: 谁其配之，世祖光武。 | F187: 《东观汉记》曰：明帝宗祀五帝于明堂，光武皇帝配之。《左氏传》，舆人诵：子产若死，其谁嗣之？
A188: 卷一 | B188: 赋甲 | C188: 京都上 | D188: 两都赋 | E188: 普天率土，各以其职。 | F188: 《毛诗》曰：普天之下，莫非王土。率土之滨，莫非王臣。《孝经》，子曰：四海之内，各以其职来祭。
A189: 卷一 | B189: 赋甲 | C189: 京都上 | D189: 两都赋 | E189: 猗欤缉熙，允怀多福。 | F189: 《毛诗》曰：猗欤那欤！缉熙，已见上文。《尚书》曰：兆人允怀。又曰：永膺多福。
A190: 卷一 | B190: 赋甲 | C190: 京都上 | D190: 两都赋 | E190: 岳修贡兮川效珍，吐金景兮歊浮云。 | F190: 《说文》曰：歊，气上出貌，呼朝切。
A191: 卷一 | B191: 赋甲 | C191: 京都上 | D191: 两都赋 | E191: 宝鼎见兮色纷缊。焕其炳兮被龙文。 | F191: 《东观汉记》曰：永平六年，庐江太守献宝鼎，出王雒山。《汉书》曰：武帝为人祠后土营旁，得鼎，有黄云焉。公卿大夫议尊宝鼎，有司曰：今鼎至甘泉，光润龙变，承休无疆也。
A192: 卷一 | B192: 赋甲 | C192: 京都上 | D192: 两都赋 | E192: 登祖庙兮享圣神。昭灵德兮弥亿年。 | F192: 《东观汉记》，明帝曰：太常其以初祭之日，陈鼎于庙，以备器用。《尚书》曰：公其以予万亿年，敬天之休。
A193: 卷一 | B193: 赋甲 | C193: 京都上 | D193: 两都赋 | E193: 启灵篇兮披瑞图，获白雉兮效素乌。 | F193: 范晔《后汉书》曰：永平十年，白雉所在出焉。《东观汉记》，章帝诏曰：乃者白乌神雀屡臻，降自京师也。
A194: 卷一 | B194: 赋甲 | C194: 京都上 | D194: 两都赋 | E194: 嘉祥阜兮集皇都。 发皓羽兮奋翘英，容絜朗兮于纯精。 | F194: 《楚辞》曰：砥室翠翘絓曲琼。王逸曰：翘，羽名。
A195: 卷一 | B195: 赋甲 | C195: 京都上 | D195: 两都赋 | E195: 彰皇德兮侔周成。永延长兮膺天庆。 | F195: 《韩诗外传》曰：成王之时，越裳氏献白雉于周公。《河图》曰：谋道吉，谋德吉，能行此大吉，受天之庆也。
... A1444: 卷四 | B1444: 赋乙 | C1444: 京都上 | D1444: 三都赋 | E1444: 匪本匪实，览者奚信？且夫任土作贡，虞书所著；辩物居方，周易所慎。 | F1444: 虞书曰：禹别九州，任土作贡。定其肥硗之所生也，而著九州贡赋之法也。周易曰：君子以慎辩物居方。
A1445: 卷四 | B1445: 赋乙 | C1445: 京都上 | D1445: 三都赋 | E1445: 聊举其一隅，摄其体统，归诸诂训焉。
A1446: 卷四 | B1446: 赋乙 | C1446: 京都上 | D1446: 三都赋 | E1446: 有西蜀公子者，言于东吴王孙， | F1446: 善曰：圣主得贤臣颂曰：今臣僻在西蜀。史记，武王得仲雍曾孙周章，封之东吴。汉书曰：漂母谓韩信曰：吾哀王孙而进食。苏林曰：如言公子也。博物志曰：王孙、公子，皆相推敬之辞。
A1447: 卷四 | B1447: 赋乙 | C1447: 京都上 | D1447: 三都赋 | E1447: 曰：「盖闻天以日月为纲，地以四海为纪。九土星分，万国错跱。崤 | F1447: 胡交
A1448: 卷四 | B1448: 赋乙 | C1448: 京都上 | D1448: 三都赋 | E1448: 函有帝皇之宅，河洛为王者之里。 | F1448: 非日月无以观天文，非四海无以著地理，故圣人仰观俯察、穷神尽微者，必须纲纪也。崤，东、西崤也。函，函谷关也。贾生过秦曰：以崤、函为宫。里，居也。言周、汉皆以河、洛为都邑。善曰：越绝书，范蠡曰：天贵持盈，不失日月星辰之纲纪。毛诗曰：滔滔江、汉，南国之纪。周礼曰：以星土分辨九州之地所封域。尚书曰：万国咸宁。张衡灵宪曰：星体生于地，列居错峙。崔骃河南尹箴曰：唐、虞、商、周，河、洛是居。
A1449: 卷四 | B1449: 赋乙 | C1449: 京都上 | D1449: 三都赋 | E1449: 吾子岂亦曾闻蜀都之事欤？请为左右扬搉 | F1449: 古学
A1450: 卷四 | B1450: 赋乙 | C1450: 京都上 | D1450: 三都赋 | E1450: 而陈之。 | F1450: 韩非有扬搉篇。班固曰：扬搉古今，其义一也。善曰：许慎淮南子注曰：扬搉，粗略也。
A1451: 卷四 | B1451: 赋乙 | C1451: 京都上 | D1451: 三都赋 | E1451: 「夫蜀都者，盖兆基于上世，开国于中古。廓灵关以为门，包玉垒而为宇。带二江之双流，抗峨眉之重阻。 | F1451: 杨雄蜀王本纪曰：蜀王之先，名蚕丛、拍濩、鱼凫、蒲泽、开明。是时人萌椎髻左言，不晓文字，未有礼乐。从开明上到蚕丛，积三万四千岁，故曰兆基于上代也。秦惠王讨灭蜀王，封公子通为蜀侯。惠王二十七年，使张若与张仪筑成都城。其后置蜀郡，以李冰为守。地理志曰：蜀守李冰凿离堆，穿两江，为人开田，百姓飨其利。是时蜀人始通中国，言语颇与华同，故言开国于中古也。灵关，山名，在成都西南汉寿界。在前，故曰门也。玉垒，山名也，湔水出焉，在成都西北岷山界。在后，故曰宇也。江水出岷山，分为二江，经成都南，东流经之，故曰带也。杨雄蜀都赋曰：两江珥其前。峨眉，山名也，在成都南犍为界。面之，故曰抗也。
A1452: 卷四 | B1452: 赋乙 | C1452: 京都上 | D1452: 三都赋 | E1452: 水陆所凑，兼六合而交会焉；丰蔚所盛，茂八区而庵 | F1452: 乌览
A1453: 卷四 | B1453: 赋乙 | C1453: 京都上 | D1453: 三都赋 | E1453: 蔼焉。 | F1453: 八区，四方四隅也。地理志曰：巴、蜀土地肥美，有山林菓实之饶。班固西都赋曰：郊野之富，号为近蜀。美其丰盛。善曰：六合，已见西都赋。长杨赋曰：洋溢八区。
A1454: 卷四 | B1454: 赋乙 | C1454: 京都上 | D1454: 三都赋 | E1454: 「于前则跨蹑犍 | F1454: 干
A1455: 卷四 | B1455: 赋乙 | C1455: 京都上 | D1455: 三都赋 | E1455: 牂 | F1455: 臧
A1456: 卷四 | B1456: 赋乙 | C1456: 京都上 | D1456: 三都赋 | E1456: ，枕 | F1456: 之鸩
A1457: 卷四 | B1457: 赋乙 | C1457: 京都上 | D1457: 三都赋 | E1457: 𫐎交趾。经途所亘，五千余里。山阜相属，含谿怀谷。岗峦𫄙纷，触石吐云。 | F1457: 阜，大山也。峦，山长而狭也。一曰山小而锐也。水注川曰谿，注壑曰谷。善曰：汉书志有犍为郡、牂牁郡，并属益州，又有交趾郡，属交州。𫐎，寄也，于蚁切。春秋元命包曰：山有含精藏云，故触石而出也。
... A2152: 卷七 | B2152: 赋丁 | C2152: 郊祀 | D2152: 甘泉赋 | E2152: 徘徊招摇，灵迉迡兮。 | F2152: 善曰：招摇，犹彷徨也。迉迡，即栖遟也。毛苌诗传曰：栖遟，游息也。招，必遥切。迉，音栖。迡，大夷反。
A2153: 卷七 | B2153: 赋丁 | C2153: 郊祀 | D2153: 甘泉赋 | E2153: 光𪸩眩燿，降厥福兮。子子孙孙，长无极兮。
A2154: 卷七 | B2154: 赋丁 | C2154: 耕藉 | D2154: 藉田赋 | E2154: 潘安仁 | F2154: 臧荣绪晋书，潘岳，字安仁，荥阳中牟人。总角辩惠，摛藻清艳，乡邑称为奇童。弱冠辟司空太尉府，举秀才，高步一时，为众所疾。然藉田、西征咸有旧注，以其释文肤浅，引证疏略，故并不取焉。
A2155: 卷七 | B2155: 赋丁 | C2155: 耕藉 | D2155: 藉田赋 | E2155: 伊晋之四年正月丁未，皇帝亲率群后藉于千亩之甸，礼也。 | F2155: 晋书曰：丁亥藉田，戊子大赦。今为丁未，误也。千亩，已见西京赋。礼记曰：天子籍田千亩。
A2156: 卷七 | B2156: 赋丁 | C2156: 耕藉 | D2156: 藉田赋 | E2156: 于是乃使甸帅清畿，野庐扫路。 | F2156: 周礼曰：甸师掌帅其属，而耕耨王籍。郑玄曰：师，犹长也。然师而为帅者，避晋景帝讳也。周礼曰：野庐氏，掌达国之道路也。
A2157: 卷七 | B2157: 赋丁 | C2157: 耕藉 | D2157: 藉田赋 | E2157: 封人壝宫，掌舍设枑。 | F2157: 周礼曰：封人，掌设王之社壝，为畿封而树之。郑玄曰：聚土曰封。壝，谓坛及堳埒也。周礼曰：掌舍，掌王之会同之舍，设梐枑再重。杜子春读为梐枑。梐枑。行马也。壝，以委切。枑，音互。
A2158: 卷七 | B2158: 赋丁 | C2158: 耕藉 | D2158: 藉田赋 | E2158: 青坛蔚其岳立兮，翠幕黕以云布。 | F2158: 国语，虢文公曰：古者，王命司空，除坛于藉。杨修许昌宫赋曰：华殿炳而岳立。郑玄周礼注曰：帷复上曰幕。魏文帝愁霖赋曰：玄云黕其四塞。黕，黑貌也。封禅书曰：云布雾散。黕，丁敢切。
A2159: 卷七 | B2159: 赋丁 | C2159: 耕藉 | D2159: 藉田赋 | E2159: 结崇基之灵趾兮，启四涂之广阼。 | F2159: 崇基，谓坛也。于坛四面而为阶也。说文曰：趾，基也。又曰：阼，主阶也。
A2160: 卷七 | B2160: 赋丁 | C2160: 耕藉 | D2160: 藉田赋 | E2160: 沃野坟腴，膏壤平砥。 | F2160: 坟腴、平砥，已见上文。史记曰：京师膏壤，沃野千里。毛诗曰：周道如砥。
A2161: 卷七 | B2161: 赋丁 | C2161: 耕藉 | D2161: 藉田赋 | E2161: 清洛浊渠，引流激水。 | F2161: 子虚赋曰：激水推移。
A2162: 卷七 | B2162: 赋丁 | C2162: 耕藉 | D2162: 藉田赋 | E2162: 遐阡绳直，迩陌如矢。 | F2162: 史记曰：秦孝公坏井田，开阡陌。风俗通曰：南北曰阡，东西曰陌。绳直，已见上文。诗曰：其直如矢。
A2163: 卷七 | B2163: 赋丁 | C2163: 耕藉 | D2163: 藉田赋 | E2163: 繱犗服于缥轭兮，绀辕缀于黛耜。繱犗，帝耕之牛也。说文曰：繱，帛青色，音葱。犗牛，已见吴都赋。又曰：缥，帛青白色。辕轭，犂辕轭也。郑玄周礼注曰：辕端压牛领曰轭，于革切。说文曰：绀，染青而扬赤色也。郑玄礼记注曰：耜，耒之金。俨储驾于廛左兮，俟万乘之躬履。 | F2163: 驾牛俨然在于廛左，以待天子躬亲履之，耕以储畜，故曰储驾也。说文曰：俨，好貌也。晋灼汉书曰：廛，一百亩也。然古耕以耒而今以牛者，盖晋时创制，不沿于古也。
A2164: 卷七 | B2164: 赋丁 | C2164: 耕藉 | D2164: 藉田赋 | E2164: 百僚先置，位以职分。 | F2164: 百僚，已见上文。羽猎赋曰：先置乎白杨之南。汉书曰：六卿各有徒属职分也。
A2165: 卷七 | B2165: 赋丁 | C2165: 耕藉 | D2165: 藉田赋 | E2165: 自上下下，具惟命臣。 | F2165: 周易曰：自上下下，其道大光。西京赋曰：具惟帝臣。郑玄仪礼注曰：命者，加爵服之名。
... A2353: 卷七 | B2353: 赋丁 | C2353: 畋猎上 | D2353: 子虚赋 | E2353: 是以王辞不复， | F2353: 司马彪曰：复，答也。
A2354: 卷七 | B2354: 赋丁 | C2354: 畋猎上 | D2354: 子虚赋 | E2354: 何为无以应哉！」
A2355: 卷八 | B2355: 赋丁 | C2355: 畋猎中 | D2355: 上林赋 | E2355: 司马长卿 郭璞注 亡是公听然而笑 | F2355: 善曰：说文曰：听，笑貌也，牛隐切。
A2356: 卷八 | B2356: 赋丁 | C2356: 畋猎中 | D2356: 上林赋 | E2356: 曰：「楚则失矣，而齐亦未为得也。夫使诸侯纳贡者，非为财币，所以述职也； | F2356: 郭璞曰：诸侯朝于天子曰述职。善曰：尚书大传曰：古者诸侯之于天子，五年一朝见，述其职。述职者，述其所职也。
A2357: 卷八 | B2357: 赋丁 | C2357: 畋猎中 | D2357: 上林赋 | E2357: 封疆画界者，非为守御，所以禁淫也。 | F2357: 郭璞曰：天下有道，守在四夷。立境界者，欲以杜绝淫放耳。善曰：小雅曰：淫，过也。
A2358: 卷八 | B2358: 赋丁 | C2358: 畋猎中 | D2358: 上林赋 | E2358: 今齐列为东藩，而外私肃慎， | F2358: 郭璞曰：私与通也。
A2359: 卷八 | B2359: 赋丁 | C2359: 畋猎中 | D2359: 上林赋 | E2359: 捐国逾限，越海而田，其于义固未可也。且二君之论，不务明君臣之义，正诸侯之礼，徒事争于游戏之乐，苑囿之大，欲以奢侈相胜，荒淫相越，此不可以扬名发誉，而适足以⿱𦥔𠃌君自损也。晋灼曰：⿱𦥔𠃌，古贬字也．善曰：邓析子曰：因势而发誉。毛苌诗传曰：秖，适也。 「且夫齐楚之事又乌足道乎？君未睹夫巨丽也，独不闻天子之上林乎？左苍梧，右西极。 | F2359: 文颖曰：苍梧郡属交州，在长安东南，故言左。尔雅曰：至于豳国，为西极，在长安西，故言右也。
A2360: 卷八 | B2360: 赋丁 | C2360: 畋猎中 | D2360: 上林赋 | E2360: 丹水更其南， | F2360: 应劭曰：丹水出上洛冢领山，东南至析县入汋水。更，公衡切。
A2361: 卷八 | B2361: 赋丁 | C2361: 畋猎中 | D2361: 上林赋 | E2361: 紫渊径其北。 | F2361: 文颖曰：河南谷罗县有紫泽，在县北，于长安为在北也。
A2362: 卷八 | B2362: 赋丁 | C2362: 畋猎中 | D2362: 上林赋 | E2362: 终始灞浐，出入泾渭。 | F2362: 张揖曰：灞、浐二水终始尽于苑中，不复出也。泾、渭二水从苑外来，又出苑去也。
A2363: 卷八 | B2363: 赋丁 | C2363: 畋猎中 | D2363: 上林赋 | E2363: 酆镐潦潏，纡余委蛇，经营乎其内。 | F2363: 张揖曰：酆水出鄠县南山酆谷，北入渭。镐在昆明池北。善曰：潦，即涝水也。说文曰：涝水出鄠县，北入渭。潏水出杜陵，今名沇水，自南山黄子陂西北流经至昆明池入渭。郭璞曰：经营其内，周旋苑中也。
A2364: 卷八 | B2364: 赋丁 | C2364: 畋猎中 | D2364: 上林赋 | E2364: 荡荡乎八川分流，相背而异态。 | F2364: 郭璞曰：变态不同也。善曰：潘岳关中记曰：泾、渭、灞、浐、酆、鄗、潦、潏，凡八川。
A2365: 卷八 | B2365: 赋丁 | C2365: 畋猎中 | D2365: 上林赋 | E2365: 东西南北，驰骛往来。 | F2365: 郭璞曰：言更相错涉也。来，卢代切。
A2366: 卷八 | B2366: 赋丁 | C2366: 畋猎中 | D2366: 上林赋 | E2366: 出乎椒丘之阙， | F2366: 服虔曰：丘名也。两山俱起，象双阙者也。善曰：楚辞曰：驰椒丘兮焉且。且，止也，音昌吕切。
... A2627: 卷八 | B2627: 赋丁 | C2627: 畋猎中 | D2627: 上林赋 | E2627: 曰：「鄙人固陋，不知忌讳， | F2627: 善曰：广雅曰：鄙，小也。
A2628: 卷八 | B2628: 赋丁 | C2628: 畋猎中 | D2628: 上林赋 | E2628: 乃今日见教，谨受命矣。」
A2629: 卷八 | B2629: 赋丁 | C2629: 畋猎中 | D2629: 羽猎赋 (扬雄) | E2629: 杨子云 孝成帝时羽猎， | F2629: 服虔曰：士卒负羽也。善曰：高唐赋曰：传言羽猎。
...

Sheet 制表说明
A1: 《文选》正文与李善注文结构化数据
A3: 数据规模 | B3: 19,399 条记录；卷一至卷六十。
A4: 原指定来源 | B4: https://ctext.org/wiki.pl?if=gb&res=150222&remap=gb
A5: 完整文本来源 | B5: https://zh.wikisource.org/wiki/昭明文選
A6: 底本说明 | B6: 两处文本均标明为胡克家重刊宋淳熙尤袤刻李善注本；原指定网站在抽取中触发网络级封锁，完整六十卷改由维基文库开放文本补足。
A7: 行粒度 | B7: 每遇一段李善注文，正文栏保存其前紧邻的正文片段，注文栏保存对应注文；无注文的篇末正文单独成行。
A8: 正文／注文 | B8: 正文来自篇章主体；注文来自维基标记模板 {{*|…}}。已排除作者小传、题下说明及《文选考异》校勘附记。
A9: 作品名规则 | B9: 按上位作品归并：西都赋、东都赋及五诗归入“两都赋”；西京赋、东京赋归入“二京赋”；三都赋序及蜀、吴、魏都赋归入“三都赋”。其余按篇题。
A10: 文字规范 | B10: 由繁体转换为简体，并统一少量常见异体字；保留古籍原有异文、音切和篇章标点。
A11: 空白单元格 | B11: 部分注文只解释读音而没有新的正文片段，故正文可空；少量篇末正文没有注文，故注文可空。
A12: 已知风险 | B12: 开放文本可能含录入误字；关键引文宜回看影印本。来源站的标点和书名号风格可能与原指定网页略有差异。
A13: 生成日期 | B13: 2026-07-21

Sheet 数据检查
A1: 数据完整性检查
A3: 检查项 | B3: 结果 | C3: 判定／说明
A4: 记录总数 | B4: =COUNTA(正文注文!$A$2:$A$19401) -> 19400 | C4: =IF(B4=19399,"通过","不一致") -> 不一致
A5: 覆盖卷数 | B5: =COUNTIF(C11:C70,"通过") -> 60 | C5: =IF(B5=60,"通过","缺卷") -> 通过
A6: 正文为空 | B6: =COUNTBLANK(正文注文!$E$2:$E$19401) -> 85 | C6: 允许：音注可无新正文
A7: 注文为空 | B7: =COUNTBLANK(正文注文!$F$2:$F$19401) -> 143 | C7: 允许：篇末正文可无注文
A8: 《文选考异》残留 | B8: =COUNTIF(正文注文!$E$2:$E$19401,"*文选考异*")+COUNTIF(正文注文!$F$2:$F$19401,"*文选考异*") -> 0 | C8: =IF(B8=0,"通过","需清理") -> 通过
A10: 卷数 | B10: 记录数 | C10: 覆盖状态
A11: 卷一 | B11: =COUNTIF(正文注文!$A$2:$A$19401,A11) -> 194 | C11: =IF(B11>0,"通过","缺失") -> 通过
A12: 卷二 | B12: =COUNTIF(正文注文!$A$2:$A$19401,A12) -> 388 | C12: =IF(B12>0,"通过","缺失") -> 通过
A13: 卷三 | B13: =COUNTIF(正文注文!$A$2:$A$19401,A13) -> 520 | C13: =IF(B13>0,"通过","缺失") -> 通过
A14: 卷四 | B14: =COUNTIF(正文注文!$A$2:$A$19401,A14) -> 582 | C14: =IF(B14>0,"通过","缺失") -> 通过
A15: 卷五 | B15: =COUNTIF(正文注文!$A$2:$A$19401,A15) -> 187 | C15: =IF(B15>0,"通过","缺失") -> 通过
A16: 卷六 | B16: =COUNTIF(正文注文!$A$2:$A$19401,A16) -> 172 | C16: =IF(B16>0,"通过","缺失") -> 通过
A17: 卷七 | B17: =COUNTIF(正文注文!$A$2:$A$19401,A17) -> 310 | C17: =IF(B17>0,"通过","缺失") -> 通过
A18: 卷八 | B18: =COUNTIF(正文注文!$A$2:$A$19401,A18) -> 424 | C18: =IF(B18>0,"通过","缺失") -> 通过
A19: 卷九 | B19: =COUNTIF(正文注文!$A$2:$A$19401,A19) -> 242 | C19: =IF(B19>0,"通过","缺失") -> 通过
A20: 卷十 | B20: =COUNTIF(正文注文!$A$2:$A$19401,A20) -> 221 | C20: =IF(B20>0,"通过","缺失") -> 通过
A21: 卷十一 | B21: =COUNTIF(正文注文!$A$2:$A$19401,A21) -> 474 | C21: =IF(B21>0,"通过","缺失") -> 通过
A22: 卷十二 | B22: =COUNTIF(正文注文!$A$2:$A$19401,A22) -> 558 | C22: =IF(B22>0,"通过","缺失") -> 通过
... A70: 卷六十 | B70: =COUNTIF(正文注文!$A$2:$A$19401,A70) -> 301 | C70: =IF(B70>0,"通过","缺失") -> 通过
A72: 示例核对 | B72: 正文注文!第 22 行
A73: 作品名 | B73: =正文注文!D22 -> 两都赋
A74: 正文 | B74: =正文注文!E22 -> 有西都宾问于东都主人曰：「盖闻皇汉之初经营也，尝有意乎都河洛矣。辍而弗康，寔用西迁，作我上都。主人闻其故而睹其制乎？」
A75: 注文 | B75: =正文注文!F22 -> 《孝经钩命决》曰：道机合者称皇。《尚书》曰：厥既得吉卜，乃经营。东都有河南洛阳，故曰河洛也。郑玄《论语注》曰：辍，止也，张卫切。孔安国《尚书传》曰：康，安也。《谷梁传》曰：葬我君桓公。我君，接上下也。
